Repository URL,Bug Commit,Bug Build URL,Fix Commit,Fix Build URL
https://github.com/apache/commons-lang,0446364ffa1c476dfdd95df5be94444f847973f3,https://travis-ci.org/apache/commons-lang/jobs/224002124,859224ffadb79147088840732236c1fad341d842,https://travis-ci.org/apache/commons-lang/jobs/224042543
https://github.com/apache/commons-lang,0446364ffa1c476dfdd95df5be94444f847973f3,https://travis-ci.org/apache/commons-lang/jobs/224002126,859224ffadb79147088840732236c1fad341d842,https://travis-ci.org/apache/commons-lang/jobs/224042544
https://github.com/apache/commons-lang,0446364ffa1c476dfdd95df5be94444f847973f3,https://travis-ci.org/apache/commons-lang/jobs/224002128,859224ffadb79147088840732236c1fad341d842,https://travis-ci.org/apache/commons-lang/jobs/224042545
https://github.com/apache/commons-lang,27d3d40f7c6e97979d08517b0c04c1bb1774a9b2,https://travis-ci.org/apache/commons-lang/jobs/212643973,e702828e7b34c6a9f1ae4eb6bbf07e60445ec8aa,https://travis-ci.org/apache/commons-lang/jobs/212646967
https://github.com/apache/commons-lang,27d3d40f7c6e97979d08517b0c04c1bb1774a9b2,https://travis-ci.org/apache/commons-lang/jobs/212643974,e702828e7b34c6a9f1ae4eb6bbf07e60445ec8aa,https://travis-ci.org/apache/commons-lang/jobs/212646968
https://github.com/apache/commons-lang,27d3d40f7c6e97979d08517b0c04c1bb1774a9b2,https://travis-ci.org/apache/commons-lang/jobs/212643975,e702828e7b34c6a9f1ae4eb6bbf07e60445ec8aa,https://travis-ci.org/apache/commons-lang/jobs/212646969
https://github.com/apache/commons-lang,314b6b56bec4af56dba667d66a25c1613f4bc800,https://travis-ci.org/apache/commons-lang/jobs/224267189,8cafd87c83f4197f7e8d14de8cba453c844266c0,https://travis-ci.org/apache/commons-lang/jobs/224269232
https://github.com/apache/commons-lang,314b6b56bec4af56dba667d66a25c1613f4bc800,https://travis-ci.org/apache/commons-lang/jobs/224267190,8cafd87c83f4197f7e8d14de8cba453c844266c0,https://travis-ci.org/apache/commons-lang/jobs/224269233
https://github.com/apache/commons-lang,314b6b56bec4af56dba667d66a25c1613f4bc800,https://travis-ci.org/apache/commons-lang/jobs/224267191,8cafd87c83f4197f7e8d14de8cba453c844266c0,https://travis-ci.org/apache/commons-lang/jobs/224269234
https://github.com/apache/commons-lang,3ce7f9eecfacbf3de716a8338ad4929371a66ca2,https://travis-ci.org/apache/commons-lang/jobs/210284572,4282efae5f4ab456cef3acac5574f13f4f450b9e,https://travis-ci.org/apache/commons-lang/jobs/210286930
https://github.com/apache/commons-lang,585b1cb97b4b9e81b55d68e04b6c1e1195058a8f,https://travis-ci.org/apache/commons-lang/jobs/232282022,5a87fa172eb1368fe413af34511d1eb3f2674a9f,https://travis-ci.org/apache/commons-lang/jobs/233253253
https://github.com/apache/commons-lang,585b1cb97b4b9e81b55d68e04b6c1e1195058a8f,https://travis-ci.org/apache/commons-lang/jobs/232282023,5a87fa172eb1368fe413af34511d1eb3f2674a9f,https://travis-ci.org/apache/commons-lang/jobs/233253254
https://github.com/apache/commons-lang,585b1cb97b4b9e81b55d68e04b6c1e1195058a8f,https://travis-ci.org/apache/commons-lang/jobs/232282024,5a87fa172eb1368fe413af34511d1eb3f2674a9f,https://travis-ci.org/apache/commons-lang/jobs/233253255
https://github.com/apache/commons-lang,7587431987258e94748d5f2fda1e6ca049a21600,https://travis-ci.org/apache/commons-lang/jobs/234158903,53def501409cd1f9e20ac43edba6f2949bb366c8,https://travis-ci.org/apache/commons-lang/jobs/234161298
https://github.com/apache/commons-lang,7587431987258e94748d5f2fda1e6ca049a21600,https://travis-ci.org/apache/commons-lang/jobs/234158904,53def501409cd1f9e20ac43edba6f2949bb366c8,https://travis-ci.org/apache/commons-lang/jobs/234161299
https://github.com/apache/commons-lang,7587431987258e94748d5f2fda1e6ca049a21600,https://travis-ci.org/apache/commons-lang/jobs/234158905,53def501409cd1f9e20ac43edba6f2949bb366c8,https://travis-ci.org/apache/commons-lang/jobs/234161300
https://github.com/apache/commons-lang,b7cc7a1c7ba803e37218e53825c8aa1534071796,https://travis-ci.org/apache/commons-lang/jobs/226894244,d61090ab64dcf411d7f1db0b6a9890af74238580,https://travis-ci.org/apache/commons-lang/jobs/226932970
https://github.com/apache/commons-lang,b7cc7a1c7ba803e37218e53825c8aa1534071796,https://travis-ci.org/apache/commons-lang/jobs/226894245,d61090ab64dcf411d7f1db0b6a9890af74238580,https://travis-ci.org/apache/commons-lang/jobs/226932971
https://github.com/apache/commons-lang,b7cc7a1c7ba803e37218e53825c8aa1534071796,https://travis-ci.org/apache/commons-lang/jobs/226894246,d61090ab64dcf411d7f1db0b6a9890af74238580,https://travis-ci.org/apache/commons-lang/jobs/226932972
https://github.com/apache/commons-lang,f2d8493ac44995170ff84bb895e3a73e0127cc68,https://travis-ci.org/apache/commons-lang/jobs/258598747,daeed97201c060563c9509e7d63b23094cb31664,https://travis-ci.org/apache/commons-lang/jobs/258630043
https://github.com/apache/commons-lang,f2d8493ac44995170ff84bb895e3a73e0127cc68,https://travis-ci.org/apache/commons-lang/jobs/258598748,daeed97201c060563c9509e7d63b23094cb31664,https://travis-ci.org/apache/commons-lang/jobs/258630044
https://github.com/cbeust/testng,cd97c53cc236bc6aecbf8da4c57329ed54d6cca5,https://travis-ci.org/cbeust/testng/jobs/60922128,33658e092e2ea113f39cf5e585d81142651d8dd9,https://travis-ci.org/cbeust/testng/jobs/61090592
https://github.com/cbeust/testng,cd97c53cc236bc6aecbf8da4c57329ed54d6cca5,https://travis-ci.org/cbeust/testng/jobs/60922129,33658e092e2ea113f39cf5e585d81142651d8dd9,https://travis-ci.org/cbeust/testng/jobs/61090593
https://github.com/cbeust/testng,d31a1e62af0479a751fd21803f72912ea114cc6d,https://travis-ci.org/cbeust/testng/jobs/61702915,2296d9bf204009fda8f7ff155eb07fc6aadaf132,https://travis-ci.org/cbeust/testng/jobs/61706640
https://github.com/cbeust/testng,d31a1e62af0479a751fd21803f72912ea114cc6d,https://travis-ci.org/cbeust/testng/jobs/61702916,2296d9bf204009fda8f7ff155eb07fc6aadaf132,https://travis-ci.org/cbeust/testng/jobs/61706641
https://github.com/cbeust/testng,d31a1e62af0479a751fd21803f72912ea114cc6d,https://travis-ci.org/cbeust/testng/jobs/61702917,2296d9bf204009fda8f7ff155eb07fc6aadaf132,https://travis-ci.org/cbeust/testng/jobs/61706642
https://github.com/checkstyle/checkstyle,2445ee76d2915dbcdad305dbded68f740e9434a2,https://travis-ci.org/checkstyle/checkstyle/jobs/111533193,7f9378d8731ed6a2c2bd696b2e03ff229f95da71,https://travis-ci.org/checkstyle/checkstyle/jobs/111539823
https://github.com/checkstyle/checkstyle,2445ee76d2915dbcdad305dbded68f740e9434a2,https://travis-ci.org/checkstyle/checkstyle/jobs/111533242,7f9378d8731ed6a2c2bd696b2e03ff229f95da71,https://travis-ci.org/checkstyle/checkstyle/jobs/111539848
https://github.com/checkstyle/checkstyle,2445ee76d2915dbcdad305dbded68f740e9434a2,https://travis-ci.org/checkstyle/checkstyle/jobs/111533243,7f9378d8731ed6a2c2bd696b2e03ff229f95da71,https://travis-ci.org/checkstyle/checkstyle/jobs/111539849
https://github.com/checkstyle/checkstyle,4a7d16a600e67f26b2188e222f9616c298f8ed31,https://travis-ci.org/checkstyle/checkstyle/jobs/112405776,519c99902fd56123383e21f007ab69c55b16fd2e,https://travis-ci.org/checkstyle/checkstyle/jobs/112413939
https://github.com/checkstyle/checkstyle,4a7d16a600e67f26b2188e222f9616c298f8ed31,https://travis-ci.org/checkstyle/checkstyle/jobs/112405801,519c99902fd56123383e21f007ab69c55b16fd2e,https://travis-ci.org/checkstyle/checkstyle/jobs/112413964
https://github.com/checkstyle/checkstyle,4a7d16a600e67f26b2188e222f9616c298f8ed31,https://travis-ci.org/checkstyle/checkstyle/jobs/112405802,519c99902fd56123383e21f007ab69c55b16fd2e,https://travis-ci.org/checkstyle/checkstyle/jobs/112413965
https://github.com/checkstyle/checkstyle,4e5be63031a9eb9ccfd62399f554f54e72df9337,https://travis-ci.org/checkstyle/checkstyle/jobs/104953191,620f59331ebeca9e2536aedd286481902c83ed4c,https://travis-ci.org/checkstyle/checkstyle/jobs/104995098
https://github.com/checkstyle/checkstyle,4e5be63031a9eb9ccfd62399f554f54e72df9337,https://travis-ci.org/checkstyle/checkstyle/jobs/104953207,620f59331ebeca9e2536aedd286481902c83ed4c,https://travis-ci.org/checkstyle/checkstyle/jobs/104995116
https://github.com/checkstyle/checkstyle,4e5be63031a9eb9ccfd62399f554f54e72df9337,https://travis-ci.org/checkstyle/checkstyle/jobs/104953208,620f59331ebeca9e2536aedd286481902c83ed4c,https://travis-ci.org/checkstyle/checkstyle/jobs/104995118
https://github.com/checkstyle/checkstyle,4e5be63031a9eb9ccfd62399f554f54e72df9337,https://travis-ci.org/checkstyle/checkstyle/jobs/104953209,620f59331ebeca9e2536aedd286481902c83ed4c,https://travis-ci.org/checkstyle/checkstyle/jobs/104995119
https://github.com/checkstyle/checkstyle,58f3c6996f38d0d74828689fbab3311244f8afc5,https://travis-ci.org/checkstyle/checkstyle/jobs/126959290,759b932a487f75289c414b2be0f323a944ec995b,https://travis-ci.org/checkstyle/checkstyle/jobs/126959510
https://github.com/checkstyle/checkstyle,58f3c6996f38d0d74828689fbab3311244f8afc5,https://travis-ci.org/checkstyle/checkstyle/jobs/126959291,759b932a487f75289c414b2be0f323a944ec995b,https://travis-ci.org/checkstyle/checkstyle/jobs/126959511
https://github.com/checkstyle/checkstyle,7f6e28c04b5798d4536ccbfcce2ea7f9fb0c5966,https://travis-ci.org/checkstyle/checkstyle/jobs/115406399,33436ab26730c6a5769163d526a7b03abd335230,https://travis-ci.org/checkstyle/checkstyle/jobs/115445737
https://github.com/checkstyle/checkstyle,7f6e28c04b5798d4536ccbfcce2ea7f9fb0c5966,https://travis-ci.org/checkstyle/checkstyle/jobs/115406437,33436ab26730c6a5769163d526a7b03abd335230,https://travis-ci.org/checkstyle/checkstyle/jobs/115445766
https://github.com/checkstyle/checkstyle,7f6e28c04b5798d4536ccbfcce2ea7f9fb0c5966,https://travis-ci.org/checkstyle/checkstyle/jobs/115406438,33436ab26730c6a5769163d526a7b03abd335230,https://travis-ci.org/checkstyle/checkstyle/jobs/115445767
https://github.com/checkstyle/checkstyle,93e9f8d97c08ad0b29a8d0e8379b311930448e08,https://travis-ci.org/checkstyle/checkstyle/jobs/127801292,bfd8c21ecd180b5c53758a03bd1ae1184696ff38,https://travis-ci.org/checkstyle/checkstyle/jobs/128570019
https://github.com/checkstyle/checkstyle,93e9f8d97c08ad0b29a8d0e8379b311930448e08,https://travis-ci.org/checkstyle/checkstyle/jobs/127801293,bfd8c21ecd180b5c53758a03bd1ae1184696ff38,https://travis-ci.org/checkstyle/checkstyle/jobs/128570020
https://github.com/checkstyle/checkstyle,93e9f8d97c08ad0b29a8d0e8379b311930448e08,https://travis-ci.org/checkstyle/checkstyle/jobs/127801313,bfd8c21ecd180b5c53758a03bd1ae1184696ff38,https://travis-ci.org/checkstyle/checkstyle/jobs/128570038
https://github.com/checkstyle/checkstyle,98fde9c9cd830fd38f210e6569fd15d902f2ece3,https://travis-ci.org/checkstyle/checkstyle/jobs/124049471,6a77df3462dc28741e08b63a89e4e2b9765b9cdc,https://travis-ci.org/checkstyle/checkstyle/jobs/127430891
https://github.com/checkstyle/checkstyle,b5e465f20de70aa5e14f59e0c61acd1b3b9d0599,https://travis-ci.org/checkstyle/checkstyle/jobs/102599923,33d7273fe4c744263dd9203d7aae4cac3f4d473f,https://travis-ci.org/checkstyle/checkstyle/jobs/103204790
https://github.com/checkstyle/checkstyle,c4984c31720f883501dbe2a827d7f901e3971e9a,https://travis-ci.org/checkstyle/checkstyle/jobs/105401065,6eb3e9e860c7559ae030ce6f40d1d12beb95e035,https://travis-ci.org/checkstyle/checkstyle/jobs/105448781
https://github.com/checkstyle/checkstyle,c4984c31720f883501dbe2a827d7f901e3971e9a,https://travis-ci.org/checkstyle/checkstyle/jobs/105401083,6eb3e9e860c7559ae030ce6f40d1d12beb95e035,https://travis-ci.org/checkstyle/checkstyle/jobs/105448799
https://github.com/checkstyle/checkstyle,c4984c31720f883501dbe2a827d7f901e3971e9a,https://travis-ci.org/checkstyle/checkstyle/jobs/105401084,6eb3e9e860c7559ae030ce6f40d1d12beb95e035,https://travis-ci.org/checkstyle/checkstyle/jobs/105448800
https://github.com/checkstyle/checkstyle,d3bafb185b09d28c75ee3d160abe710a43b00d5f,https://travis-ci.org/checkstyle/checkstyle/jobs/124354324,585738d956083eb27fb57a6e3f43c9c05ef43d70,https://travis-ci.org/checkstyle/checkstyle/jobs/125004051
https://github.com/checkstyle/checkstyle,d3bafb185b09d28c75ee3d160abe710a43b00d5f,https://travis-ci.org/checkstyle/checkstyle/jobs/124354344,585738d956083eb27fb57a6e3f43c9c05ef43d70,https://travis-ci.org/checkstyle/checkstyle/jobs/125004070
https://github.com/checkstyle/checkstyle,d3bafb185b09d28c75ee3d160abe710a43b00d5f,https://travis-ci.org/checkstyle/checkstyle/jobs/124354345,585738d956083eb27fb57a6e3f43c9c05ef43d70,https://travis-ci.org/checkstyle/checkstyle/jobs/125004071
https://github.com/checkstyle/checkstyle,d3bafb185b09d28c75ee3d160abe710a43b00d5f,https://travis-ci.org/checkstyle/checkstyle/jobs/124354346,585738d956083eb27fb57a6e3f43c9c05ef43d70,https://travis-ci.org/checkstyle/checkstyle/jobs/125004072
https://github.com/checkstyle/checkstyle,d3bafb185b09d28c75ee3d160abe710a43b00d5f,https://travis-ci.org/checkstyle/checkstyle/jobs/124354349,585738d956083eb27fb57a6e3f43c9c05ef43d70,https://travis-ci.org/checkstyle/checkstyle/jobs/125004073
https://github.com/checkstyle/checkstyle,d3bafb185b09d28c75ee3d160abe710a43b00d5f,https://travis-ci.org/checkstyle/checkstyle/jobs/124354351,585738d956083eb27fb57a6e3f43c9c05ef43d70,https://travis-ci.org/checkstyle/checkstyle/jobs/125004074
https://github.com/checkstyle/checkstyle,d3bafb185b09d28c75ee3d160abe710a43b00d5f,https://travis-ci.org/checkstyle/checkstyle/jobs/124354352,585738d956083eb27fb57a6e3f43c9c05ef43d70,https://travis-ci.org/checkstyle/checkstyle/jobs/125004075
https://github.com/checkstyle/checkstyle,d3bafb185b09d28c75ee3d160abe710a43b00d5f,https://travis-ci.org/checkstyle/checkstyle/jobs/124354353,585738d956083eb27fb57a6e3f43c9c05ef43d70,https://travis-ci.org/checkstyle/checkstyle/jobs/125004076
https://github.com/checkstyle/checkstyle,d3bafb185b09d28c75ee3d160abe710a43b00d5f,https://travis-ci.org/checkstyle/checkstyle/jobs/124354354,585738d956083eb27fb57a6e3f43c9c05ef43d70,https://travis-ci.org/checkstyle/checkstyle/jobs/125004077
https://github.com/checkstyle/checkstyle,d3bafb185b09d28c75ee3d160abe710a43b00d5f,https://travis-ci.org/checkstyle/checkstyle/jobs/124354355,585738d956083eb27fb57a6e3f43c9c05ef43d70,https://travis-ci.org/checkstyle/checkstyle/jobs/125004078
https://github.com/checkstyle/checkstyle,d3bafb185b09d28c75ee3d160abe710a43b00d5f,https://travis-ci.org/checkstyle/checkstyle/jobs/124354357,585738d956083eb27fb57a6e3f43c9c05ef43d70,https://travis-ci.org/checkstyle/checkstyle/jobs/125004079
https://github.com/checkstyle/checkstyle,ddf1ce6549e79bd441a5a5c3a438bc133072a6ed,https://travis-ci.org/checkstyle/checkstyle/jobs/105882652,a5369c60d178b436379e32e146aac24f50aa87cc,https://travis-ci.org/checkstyle/checkstyle/jobs/105884881
https://github.com/GoClipse/goclipse,09f8bb359583157a2ab4cc65885680739160bf6f,https://travis-ci.org/GoClipse/goclipse/jobs/123147616,6ad36e4cedb8a3f19e23f7c33c39e97c2c42dd2f,https://travis-ci.org/GoClipse/goclipse/jobs/123153718
https://github.com/GoClipse/goclipse,10ed9fc65195b4e1d0b32ba0d7727f99b8fe16a7,https://travis-ci.org/GoClipse/goclipse/jobs/81429514,b037b357f807a0ebfe45404343b001e71cc0ff4a,https://travis-ci.org/GoClipse/goclipse/jobs/81431138
https://github.com/GoClipse/goclipse,1cd6a7763f12683b4f3242cc77efd1b79b23f2b6,https://travis-ci.org/GoClipse/goclipse/jobs/74461727,176035f799790449c7ce8a9c1c80260f0f1c4479,https://travis-ci.org/GoClipse/goclipse/jobs/74464061
https://github.com/GoClipse/goclipse,3ca0ff474441288510ade60bcd2ecefdf04f78ba,https://travis-ci.org/GoClipse/goclipse/jobs/122535987,5189978cec596ca86f7247d23fb439ade9288647,https://travis-ci.org/GoClipse/goclipse/jobs/122540767
https://github.com/GoClipse/goclipse,4eea39a450d9a07781cff3a6a923cf0d06ad08d9,https://travis-ci.org/GoClipse/goclipse/jobs/92997104,21836d765607c06fea7dbee83caf4e932aa45e5c,https://travis-ci.org/GoClipse/goclipse/jobs/93007438
https://github.com/GoClipse/goclipse,55e69a58a8ae0268ba1630743f7e6a9778ea6d95,https://travis-ci.org/GoClipse/goclipse/jobs/104089966,8d38732ce322b7cf69fead1879bcb0fb8a56ae69,https://travis-ci.org/GoClipse/goclipse/jobs/104184276
https://github.com/GoClipse/goclipse,d3272165138be4e581379e84f0e0c0f293eb9c47,https://travis-ci.org/GoClipse/goclipse/jobs/126655137,1b15b05debe5dfee58e616a719c319a86c206e1d,https://travis-ci.org/GoClipse/goclipse/jobs/126661332
https://github.com/GoClipse/goclipse,f737d664794570bb2a319d7bff9111f2c0ca9e0a,https://travis-ci.org/GoClipse/goclipse/jobs/105744418,1f7bf7775a8cd5e33a0507a2f41abb712ae4917f,https://travis-ci.org/GoClipse/goclipse/jobs/105748036
https://github.com/rinde/RinSim,936dfff4b1663569ac7b276d28c0641f76cfa636,https://travis-ci.org/rinde/RinSim/jobs/74593240,6719bc8de2c9b1eb62c35c0c13123570033405b0,https://travis-ci.org/rinde/RinSim/jobs/74594911
https://github.com/rinde/RinSim,a44f0ddd504a1018d9963d86d918753b8b4e862d,https://travis-ci.org/rinde/RinSim/jobs/52527254,1acf59c741c17253c9a57e5c1e325b37de02b6f4,https://travis-ci.org/rinde/RinSim/jobs/52551348
https://github.com/rinde/RinSim,a44f0ddd504a1018d9963d86d918753b8b4e862d,https://travis-ci.org/rinde/RinSim/jobs/52527255,1acf59c741c17253c9a57e5c1e325b37de02b6f4,https://travis-ci.org/rinde/RinSim/jobs/52551349
https://github.com/rinde/RinSim,a44f0ddd504a1018d9963d86d918753b8b4e862d,https://travis-ci.org/rinde/RinSim/jobs/52527256,1acf59c741c17253c9a57e5c1e325b37de02b6f4,https://travis-ci.org/rinde/RinSim/jobs/52551350
https://github.com/rinde/RinSim,cdac51f24c13a4c67f269ba1a6ca720be9fb93bc,https://travis-ci.org/rinde/RinSim/jobs/51820039,af0839c3085f797a10f7440445d3aa95c27fbdd3,https://travis-ci.org/rinde/RinSim/jobs/52007108
https://github.com/rinde/RinSim,cdac51f24c13a4c67f269ba1a6ca720be9fb93bc,https://travis-ci.org/rinde/RinSim/jobs/51820040,af0839c3085f797a10f7440445d3aa95c27fbdd3,https://travis-ci.org/rinde/RinSim/jobs/52007109
https://github.com/rinde/RinSim,cdac51f24c13a4c67f269ba1a6ca720be9fb93bc,https://travis-ci.org/rinde/RinSim/jobs/51820041,af0839c3085f797a10f7440445d3aa95c27fbdd3,https://travis-ci.org/rinde/RinSim/jobs/52007110
https://github.com/sannies/mp4parser,3749a17495643c16214fe43e9408907aee712f4a,https://travis-ci.org/sannies/mp4parser/jobs/133036862,47e188c31bb05fb1475de8f0ec539de63fb7a168,https://travis-ci.org/sannies/mp4parser/jobs/133037740
https://github.com/sannies/mp4parser,3855595b821c88fd1d675a605c4c070c7c6e1b31,https://travis-ci.org/sannies/mp4parser/jobs/86826291,e0c707d91d8a2a69ad893a8c41663942d56f3e75,https://travis-ci.org/sannies/mp4parser/jobs/87622701
https://github.com/sannies/mp4parser,3c57f92d78fe21d28c7a7a218e5b7cd7e27062e2,https://travis-ci.org/sannies/mp4parser/jobs/86347764,acf3a575d2af7c5087704c162803f04191c5d81f,https://travis-ci.org/sannies/mp4parser/jobs/86830050
https://github.com/sannies/mp4parser,49ef78e7403c6c390a05b83738dd975a8deb7417,https://travis-ci.org/sannies/mp4parser/jobs/79358970,16c9cec4fe778b99231be17a653da68bbe7b564e,https://travis-ci.org/sannies/mp4parser/jobs/79360022
https://github.com/sannies/mp4parser,4c17cef3fbc6797a3c7d708047ddd012b847c085,https://travis-ci.org/sannies/mp4parser/jobs/79111320,ed5b5e0427287b424f17f443681813271951532f,https://travis-ci.org/sannies/mp4parser/jobs/79117949
https://github.com/sannies/mp4parser,8a3647b6ba0c8166469530aab4fdc8e7fd917522,https://travis-ci.org/sannies/mp4parser/jobs/82433463,299346e2dcd7b3002efdf6e95e079fb3458c2e07,https://travis-ci.org/sannies/mp4parser/jobs/82433515
https://github.com/sannies/mp4parser,c773b4d00b709247f98b82bdeca1308d5061b342,https://travis-ci.org/sannies/mp4parser/jobs/107859078,baf18a31420961a26bf887094c83b8064adf34c9,https://travis-ci.org/sannies/mp4parser/jobs/109523971
https://github.com/sannies/mp4parser,d410b2997ce6b14e0236704019d7ddacff0d21e2,https://travis-ci.org/sannies/mp4parser/jobs/79828541,9919aaf687d3fac7798a6d633a65a2330fd2498c,https://travis-ci.org/sannies/mp4parser/jobs/79828597
https://github.com/sannies/mp4parser,fe0ff8b0f8631548686ba988ffb37dd89d7116f5,https://travis-ci.org/sannies/mp4parser/jobs/79336477,04fb413e7d8faa5be1e6852bc42eb0a6c655c262,https://travis-ci.org/sannies/mp4parser/jobs/79338005
https://github.com/swagger-api/swagger-core,1f2aedc3e0b4cfe6e725f23bf68faf0f57863a28,https://travis-ci.org/swagger-api/swagger-core/jobs/231706520,ee1dc777a973fa16febf464a76ba300ebf1e2ee9,https://travis-ci.org/swagger-api/swagger-core/jobs/232256103
https://github.com/swagger-api/swagger-core,dc766c49b7326a493857b5cce6db0d7aab174e6b,https://travis-ci.org/swagger-api/swagger-core/jobs/232498510,5a73a6edac2c22b73f138c2e165e5cdc6789194b,https://travis-ci.org/swagger-api/swagger-core/jobs/233315342
https://github.com/swagger-api/swagger-core,ed49b5086b1045f79504f68bba3b1cafe25062e7,https://travis-ci.org/swagger-api/swagger-core/jobs/62644131,3a324bba7600d0df00ef0eecb55047afba260366,https://travis-ci.org/swagger-api/swagger-core/jobs/62644872
https://github.com/swagger-api/swagger-core,eebd2ef0b3ac9f21401ad50501edc1781a10146e,https://travis-ci.org/swagger-api/swagger-core/jobs/75008929,cc4e4f46f4b6899cd9e4821674188e08beb7012d,https://travis-ci.org/swagger-api/swagger-core/jobs/75014612
https://github.com/yamcs/yamcs,078176e63115d9fee9cb60beca8cd14590729dc1,https://travis-ci.org/yamcs/yamcs/jobs/222112569,5d18ea9672facf14cfb3032bc87db883790ef61d,https://travis-ci.org/yamcs/yamcs/jobs/222168011
https://github.com/yamcs/yamcs,0e40a6e9584fa26d35f46d83df7c192ba4cb26e1,https://travis-ci.org/yamcs/yamcs/jobs/107218103,5bdd085ff25799cc289a915e8aa07734bdaa6f0b,https://travis-ci.org/yamcs/yamcs/jobs/107219370
https://github.com/yamcs/yamcs,2c6051c6dab519765917597aa6cfc168287e5941,https://travis-ci.org/yamcs/yamcs/jobs/165090929,26db26e25b54420600e043e0433f8400dd24bcb4,https://travis-ci.org/yamcs/yamcs/jobs/165203946
https://github.com/yamcs/yamcs,421daa1d12aa50809526e28cca87b30023681f2f,https://travis-ci.org/yamcs/yamcs/jobs/190541095,20b9c6fc9c78096fe5465f0cc9fe12f6536798bc,https://travis-ci.org/yamcs/yamcs/jobs/190951248
https://github.com/yamcs/yamcs,515c1fdcd2bc11bd7d6dac92e8fa9ab233d26d95,https://travis-ci.org/yamcs/yamcs/jobs/110947465,9ae58bace77bf2afd26556459a9eaf5b3130b758,https://travis-ci.org/yamcs/yamcs/jobs/110952604
https://github.com/yamcs/yamcs,5626627ed88f9be59b5de5ae3dc077ea79f3a721,https://travis-ci.org/yamcs/yamcs/jobs/166980116,ce974a3d31a36932e02ffba02e6ff556a6c50c6c,https://travis-ci.org/yamcs/yamcs/jobs/166983111
https://github.com/yamcs/yamcs,57733a8193ac83768620c3e3d8594714f9bcf149,https://travis-ci.org/yamcs/yamcs/jobs/221289974,6050e423779f275ca42323c8c284f717708d268e,https://travis-ci.org/yamcs/yamcs/jobs/221294354
https://github.com/yamcs/yamcs,6103f6a73fed265469096622e3a8805f03eed945,https://travis-ci.org/yamcs/yamcs/jobs/218364663,e915e7728a323a15a9b412ff08687458e0a8e643,https://travis-ci.org/yamcs/yamcs/jobs/218366880
https://github.com/yamcs/yamcs,a368981fe7c7eb62099acbb7f89cdcb80ed38bba,https://travis-ci.org/yamcs/yamcs/jobs/186324159,69d9c14ffc0f15b74cd1db4b448eb0a303769432,https://travis-ci.org/yamcs/yamcs/jobs/186331422
https://github.com/yamcs/yamcs,b0d602270fcb7f5fe63326dcdff519bc24768eb3,https://travis-ci.org/yamcs/yamcs/jobs/111461540,845026aa6e0d3747902dbd7d1da3b6ba4ec99a09,https://travis-ci.org/yamcs/yamcs/jobs/111536132
https://github.com/yamcs/yamcs,c9c352c9da4e92d2a96ca757ed77647de809c82e,https://travis-ci.org/yamcs/yamcs/jobs/173940648,a5504853f85492c7aa759df9b17ebc0a3f3b9f71,https://travis-ci.org/yamcs/yamcs/jobs/173946041
